[
  {
    "id": "idofobject_1",
    "ticket": "BR-12341",
    "title": "Akshay Adav promotions",
    "country": "ch",
    "startdate": "2020-06-18",
    "enddate": "2020-06-27"
  },
  {
    "id": "idofobject_2",
    "ticket": "BR-12341",
    "title": "Siddhesh",
    "country": "global",
    "startdate": "2020-06-19",
    "enddate": "2020-06-30"
  },
  {
    "id": "idofobject_3",
    "ticket": "BR-123410",
    "title": "Yogesh Promotion",
    "country": "fr",
    "startdate": "2020-06-19",
    "enddate": "2020-06-23"
  }
]